id;fullname;birthdate;memeberdate;email;mobile;adress;note;image;image_content_type
1;Representative Alabama Table;2022-05-01;2022-05-02T04:45:05;"u#Hte@~M+A.9Fi?b";"5569987004";parsing web-enabled;Account;../fake-data/blob/hipster.png;image/png
2;global Virginia;2022-05-01;2022-05-02T11:40:00;"3Og=@aVY.01Q!>?";"6738477793";IB input;loyalty;../fake-data/blob/hipster.png;image/png
3;Account;2022-05-02;2022-05-02T11:59:06;"F$,@0(.p4";"+684539823247";payment;wireless synergistic;../fake-data/blob/hipster.png;image/png
4;Singapore;2022-05-01;2022-05-02T12:50:37;"XtW@;>%r'Y.\k";"0289247909";HTTP Books Center;Reverse-engineered;../fake-data/blob/hipster.png;image/png
5;Tennessee;2022-05-02;2022-05-02T03:09:45;"Kaj@vTt.KLQw1";"9275566022";Buckinghamshire;matrix Plain French;../fake-data/blob/hipster.png;image/png
6;USB;2022-05-01;2022-05-02T11:00:02;"UYR@aCtb.t";"7850781395";Granite monetize Electronics;Tonga Principal;../fake-data/blob/hipster.png;image/png
7;Steel B2C;2022-05-02;2022-05-02T15:34:21;"i@{2.BI>tm";"6514142760";granular;deposit;../fake-data/blob/hipster.png;image/png
8;structure Handmade SMS;2022-05-02;2022-05-02T11:43:00;":*{<*I@u.R.<hYaI-";"+0648167204892";Market infrastructures interfaces;Plastic algorithm;../fake-data/blob/hipster.png;image/png
9;Paradigm Shoes;2022-05-02;2022-05-02T05:00:44;"wu.7H@EUU;8H.A~vUn";"1284360775";deposit frame sensor;Swaziland;../fake-data/blob/hipster.png;image/png
10;matrix Senior Anguilla;2022-05-02;2022-05-02T09:04:36;"L@b.\+6";"1522918403";encoding circuit Saint;Steel reintermediate;../fake-data/blob/hipster.png;image/png
